barstool_1_odds,betclic_1_odds,betfair_1_odds,betfred_1_odds,betmgm_1_odds,betonlineag_1_odds,betrivers_1_odds,betus_1_odds,betway_1_odds,bovada_1_odds,casumo_1_odds,circasports_1_odds,coral_1_odds,draftkings_1_odds,fanduel_1_odds,foxbet_1_odds,gtbets_1_odds,ladbrokes_1_odds,lowvig_1_odds,marathonbet_1_odds,matchbook_1_odds,mrgreen_1_odds,mybookieag_1_odds,nordicbet_1_odds,onexbet_1_odds,paddypower_1_odds,pinnacle_1_odds,pointsbetus_1_odds,sport888_1_odds,sugarhouse_1_odds,superbook_1_odds,twinspires_1_odds,unibet_1_odds,unibet_eu_1_odds,unibet_uk_1_odds,unibet_us_1_odds,williamhill_1_odds,williamhill_us_1_odds,wynnbet_1_odds,team,game_id,number_of_game_today,day_of_week,day_night,park_id,minutes_since_commence,hour_of_start,opponent,this_team_league,opponent_league,this_team_game_of_season,opponent_game_of_season,home_away,average_market_odds,highest_bettable_odds,snapshot_time,ev,date,sportsbooks_used
0.0,2.3,0.0,0.0,2.4,0.0,0.0,0.0,0.0,2.4,2.12,0.0,0.0,2.3,2.12,0.0,0.0,0.0,0.0,0.0,1.61,2.07,2.25,2.27,0.0,2.05,1.62,2.0,0.0,0.0,0.0,2.23,0.0,2.23,2.1,2.12,0.0,0.0,2.35,St. Louis Cardinals,5101db05dce055e0f3766622b76461fc,0,Tue,N,STP01,92.7,15,Tampa Bay Rays,NL,AL,114,115,0,2.141111111,2.4,8/9/23 0:11,12.09,8/8/23,"['Betmgm', 'Bovada']"
2.2,2.25,0.0,0.0,2.2,0.0,0.0,0.0,0.0,2.5,2.18,0.0,0.0,2.35,2.14,0.0,0.0,0.0,0.0,0.0,2.1,2.12,2.2,2.22,0.0,2.15,2.86,1.95,0.0,0.0,0.0,2.18,0.0,2.18,2.15,2.18,0.0,0.0,2.4,Pittsburgh Pirates,743d0524d095b50356c4fcca5667c124,0,Tue,N,PIT08,66.7,16,Atlanta Braves,NL,NL,113,113,1,2.237368421,2.5,8/9/23 0:11,11.74,8/8/23,['Bovada']
3.0,3.05,0.0,0.0,3.1,0.0,0.0,0.0,0.0,3.25,3.55,0.0,0.0,3.0,2.96,0.0,0.0,0.0,0.0,0.0,1.86,3.2,2.95,3.05,0.0,3.0,1.88,3.0,0.0,0.0,0.0,3.55,0.0,3.55,3.25,3.55,0.0,0.0,3.25,Boston Red Sox,d4cfc1317e9e1569fde75bc0fe6291e4,0,Tue,N,BOS07,62.01666667,16,Kansas City Royals,AL,AL,113,115,1,3.052631579,3.55,8/9/23 0:12,16.29,8/8/23,['Twinspires']
3.0,3.05,0.0,0.0,3.1,0.0,0.0,0.0,0.0,3.25,3.55,0.0,0.0,3.0,2.96,0.0,0.0,0.0,0.0,0.0,1.86,3.2,2.95,3.05,0.0,3.0,1.88,3.0,0.0,0.0,0.0,3.55,0.0,3.55,3.25,3.55,0.0,0.0,3.25,Boston Red Sox,d4cfc1317e9e1569fde75bc0fe6291e4,0,Tue,N,BOS07,62.01666667,16,Kansas City Royals,AL,AL,113,115,1,3.052631579,3.55,8/9/23 0:12,16.29,8/8/23,['Twinspires']
3.0,3.05,0.0,0.0,3.1,0.0,0.0,0.0,0.0,3.25,3.55,0.0,0.0,3.0,2.96,0.0,0.0,0.0,0.0,0.0,1.86,3.2,3.15,3.05,0.0,3.0,1.88,3.0,0.0,0.0,0.0,3.55,0.0,3.55,3.25,3.55,0.0,0.0,3.25,Boston Red Sox,d4cfc1317e9e1569fde75bc0fe6291e4,0,Tue,N,BOS07,62.01666667,16,Kansas City Royals,AL,AL,113,115,1,3.063157895,3.55,8/9/23 0:12,15.89,8/8/23,['Twinspires']
3.0,3.05,0.0,0.0,3.1,0.0,0.0,0.0,0.0,3.25,3.55,0.0,0.0,3.0,2.96,0.0,0.0,0.0,0.0,0.0,1.86,3.2,3.15,3.05,0.0,3.0,1.88,3.0,0.0,0.0,0.0,3.55,0.0,3.55,3.25,3.55,0.0,0.0,3.25,Boston Red Sox,d4cfc1317e9e1569fde75bc0fe6291e4,0,Tue,N,BOS07,62.01666667,16,Kansas City Royals,AL,AL,113,115,1,3.063157895,3.55,8/9/23 0:12,15.89,8/8/23,['Twinspires']
2.6,2.65,0.0,0.0,2.5,0.0,0.0,0.0,0.0,2.55,2.55,0.0,0.0,2.6,2.54,0.0,0.0,0.0,0.0,0.0,2.78,2.55,2.55,2.55,0.0,2.5,2.27,2.9,0.0,0.0,0.0,2.55,0.0,2.55,2.55,2.55,0.0,0.0,2.55,Toronto Blue Jays,54a6f7f50dedce4e726945f1d303b510,0,Tue,N,CLE08,62.18333333,16,Cleveland Guardians,AL,AL,115,114,0,2.570526316,2.9,8/9/23 0:12,12.82,8/8/23,['Pointsbetus']
2.15,2.15,0.0,0.0,2.4,0.0,0.0,0.0,0.0,2.4,2.12,0.0,0.0,2.05,2.08,0.0,0.0,0.0,0.0,0.0,2.12,2.07,2.1,2.11,0.0,2.05,1.62,1.91,0.0,0.0,0.0,2.12,0.0,2.12,2.1,2.12,0.0,0.0,2.35,St. Louis Cardinals,5101db05dce055e0f3766622b76461fc,0,Tue,N,STP01,93.45,15,Tampa Bay Rays,NL,AL,114,115,0,2.112631579,2.4,8/9/23 0:12,13.6,8/8/23,"['Betmgm', 'Bovada']"
2.15,2.15,0.0,0.0,2.4,0.0,0.0,0.0,0.0,2.4,2.12,0.0,0.0,2.05,2.08,0.0,0.0,0.0,0.0,0.0,2.12,2.07,2.1,2.11,0.0,2.05,1.62,1.91,0.0,0.0,0.0,2.12,0.0,2.12,2.1,2.12,0.0,0.0,2.35,St. Louis Cardinals,5101db05dce055e0f3766622b76461fc,0,Tue,N,STP01,93.45,15,Tampa Bay Rays,NL,AL,114,115,0,2.112631579,2.4,8/9/23 0:12,13.6,8/8/23,"['Betmgm', 'Bovada']"
2.15,2.15,0.0,0.0,2.4,0.0,0.0,0.0,0.0,2.4,2.12,0.0,0.0,2.05,2.08,0.0,0.0,0.0,0.0,0.0,2.12,2.07,2.1,2.11,0.0,2.05,1.62,1.91,0.0,0.0,0.0,2.12,0.0,2.12,2.1,2.12,0.0,0.0,2.35,St. Louis Cardinals,5101db05dce055e0f3766622b76461fc,0,Tue,N,STP01,93.46666667,15,Tampa Bay Rays,NL,AL,114,115,0,2.112631579,2.4,8/9/23 0:12,13.6,8/8/23,"['Betmgm', 'Bovada']"
2.25,2.25,0.0,0.0,2.2,0.0,0.0,0.0,0.0,2.5,2.18,0.0,0.0,2.35,2.14,0.0,0.0,0.0,0.0,0.0,2.1,2.12,2.2,2.22,0.0,2.15,2.86,1.95,0.0,0.0,0.0,2.18,0.0,2.18,2.15,2.18,0.0,0.0,2.4,Pittsburgh Pirates,743d0524d095b50356c4fcca5667c124,0,Tue,N,PIT08,67.46666667,16,Atlanta Braves,NL,NL,113,113,1,2.24,2.5,8/9/23 0:12,11.61,8/8/23,['Bovada']
3.25,3.05,0.0,0.0,3.2,0.0,0.0,0.0,0.0,3.25,3.45,0.0,0.0,2.95,3.15,0.0,0.0,0.0,0.0,0.0,1.86,3.1,3.0,3.15,0.0,3.1,1.88,3.3,0.0,0.0,0.0,3.4,0.0,3.4,3.15,3.45,0.0,0.0,3.25,Boston Red Sox,d4cfc1317e9e1569fde75bc0fe6291e4,0,Tue,N,BOS07,62.76666667,16,Kansas City Royals,AL,AL,113,115,1,3.070526316,3.4,8/9/23 0:12,10.73,8/8/23,['Twinspires']
3.25,3.05,0.0,0.0,3.2,0.0,0.0,0.0,0.0,3.25,3.45,0.0,0.0,2.95,3.15,0.0,0.0,0.0,0.0,0.0,1.86,3.1,3.0,3.15,0.0,3.1,1.88,3.3,0.0,0.0,0.0,3.4,0.0,3.4,3.15,3.45,0.0,0.0,3.25,Boston Red Sox,d4cfc1317e9e1569fde75bc0fe6291e4,0,Tue,N,BOS07,62.76666667,16,Kansas City Royals,AL,AL,113,115,1,3.070526316,3.4,8/9/23 0:12,10.73,8/8/23,['Twinspires']
2.15,2.15,0.0,0.0,2.4,0.0,0.0,0.0,0.0,2.1,2.12,0.0,0.0,2.05,2.1,0.0,0.0,0.0,0.0,0.0,2.12,2.07,2.1,2.07,0.0,2.05,1.62,1.91,0.0,0.0,0.0,2.12,0.0,2.12,2.1,2.12,0.0,0.0,2.1,St. Louis Cardinals,5101db05dce055e0f3766622b76461fc,0,Tue,N,STP01,94.45,15,Tampa Bay Rays,NL,AL,114,115,0,2.082631579,2.4,8/9/23 0:13,15.24,8/8/23,['Betmgm']
3.1,3.15,0.0,0.0,3.2,0.0,0.0,0.0,0.0,3.2,3.45,0.0,0.0,2.9,3.1,0.0,0.0,0.0,0.0,0.0,1.86,3.1,3.05,3.15,0.0,3.1,1.88,3.3,0.0,0.0,0.0,3.45,0.0,3.45,3.15,3.45,0.0,0.0,3.2,Boston Red Sox,d4cfc1317e9e1569fde75bc0fe6291e4,0,Tue,N,BOS07,63.45,16,Kansas City Royals,AL,AL,113,115,1,3.065263158,3.45,8/9/23 0:13,12.55,8/8/23,['Twinspires']
2.4,2.5,0.0,0.0,2.55,0.0,0.0,0.0,0.0,2.4,2.38,0.0,0.0,2.54,2.44,0.0,0.0,0.0,0.0,0.0,2.58,2.32,2.65,2.27,0.0,2.38,2.57,2.65,0.0,0.0,0.0,2.75,0.0,2.75,2.35,2.38,0.0,0.0,2.25,Miami Marlins,629244142f55fa21c87cf4b4d038b695,0,Tue,N,DYE01,93.45,15,Cincinnati Reds,NL,NL,115,117,0,2.479473684,2.75,8/9/23 0:13,10.91,8/8/23,['Twinspires']
3.1,3.15,0.0,0.0,3.2,0.0,0.0,0.0,0.0,3.2,3.45,0.0,0.0,2.9,3.1,0.0,0.0,0.0,0.0,0.0,1.86,3.1,3.05,3.15,0.0,3.1,1.88,3.3,0.0,0.0,0.0,3.45,0.0,3.45,3.15,3.45,0.0,0.0,3.2,Boston Red Sox,d4cfc1317e9e1569fde75bc0fe6291e4,0,Tue,N,BOS07,63.56666667,16,Kansas City Royals,AL,AL,113,115,1,3.065263158,3.45,8/9/23 0:13,12.55,8/8/23,['Twinspires']
2.4,2.8,0.0,0.0,2.55,0.0,0.0,0.0,0.0,2.4,2.38,0.0,0.0,2.54,2.44,0.0,0.0,0.0,0.0,0.0,2.58,2.32,2.65,2.27,0.0,2.38,2.57,2.65,0.0,0.0,0.0,2.75,0.0,2.75,2.35,2.38,0.0,0.0,2.25,Miami Marlins,629244142f55fa21c87cf4b4d038b695,0,Tue,N,DYE01,93.56666667,15,Cincinnati Reds,NL,NL,115,117,0,2.495263158,2.75,8/9/23 0:13,10.21,8/8/23,['Twinspires']
2.15,2.15,0.0,0.0,2.4,0.0,0.0,0.0,0.0,2.1,2.12,0.0,0.0,2.05,2.1,0.0,0.0,0.0,0.0,0.0,2.12,2.07,2.1,2.07,0.0,2.05,1.62,1.91,0.0,0.0,0.0,2.12,0.0,2.12,2.1,2.12,0.0,0.0,2.1,St. Louis Cardinals,5101db05dce055e0f3766622b76461fc,0,Tue,N,STP01,95.3,15,Tampa Bay Rays,NL,AL,114,115,0,2.082631579,2.4,8/9/23 0:14,15.24,8/8/23,['Betmgm']
1.62,1.65,0.0,0.0,2.1,0.0,0.0,0.0,0.0,1.65,1.66,0.0,0.0,1.57,1.72,0.0,0.0,0.0,0.0,0.0,1.75,1.63,1.6,1.63,0.0,1.67,1.42,1.0,0.0,0.0,0.0,1.68,0.0,1.68,1.65,1.66,0.0,0.0,1.61,Atlanta Braves,743d0524d095b50356c4fcca5667c124,0,Tue,N,PIT08,69.28333333,16,Pittsburgh Pirates,NL,NL,113,113,0,1.628947368,2.1,8/9/23 0:14,28.92,8/8/23,['Betmgm']
3.0,3.15,0.0,0.0,3.5,0.0,0.0,0.0,0.0,3.2,3.45,0.0,0.0,3.4,3.05,0.0,0.0,0.0,0.0,0.0,1.86,3.1,3.55,3.15,0.0,3.1,1.88,3.6,0.0,0.0,0.0,3.8,0.0,3.8,3.15,3.45,0.0,0.0,3.2,Boston Red Sox,d4cfc1317e9e1569fde75bc0fe6291e4,0,Tue,N,BOS07,64.28333333,16,Kansas City Royals,AL,AL,113,115,1,3.178421053,3.8,8/9/23 0:14,19.56,8/8/23,['Twinspires']
1.31,1.3,0.0,0.0,1.29,0.0,0.0,0.0,0.0,1.25,1.3,0.0,0.0,1.31,1.28,0.0,0.0,0.0,0.0,0.0,1.34,1.26,1.27,1.3,0.0,1.29,1.29,1.48,0.0,0.0,0.0,1.3,0.0,1.3,1.27,1.3,0.0,0.0,0.0,Philadelphia Phillies,ee9ec31eb3df5bb916eedb9e9cc25538,0,Tue,N,PHI13,49.83333333,16,Washington Nationals,NL,NL,115,114,1,1.302222222,1.48,8/9/23 0:14,13.65,8/8/23,['Pointsbetus']
2.15,2.15,0.0,0.0,2.4,0.0,0.0,0.0,0.0,2.1,2.12,0.0,0.0,2.05,2.1,0.0,0.0,0.0,0.0,0.0,2.12,2.07,2.1,2.07,0.0,2.05,1.62,1.91,0.0,0.0,0.0,2.12,0.0,2.12,2.1,2.12,0.0,0.0,2.1,St. Louis Cardinals,5101db05dce055e0f3766622b76461fc,0,Tue,N,STP01,95.3,15,Tampa Bay Rays,NL,AL,114,115,0,2.082631579,2.4,8/9/23 0:14,15.24,8/8/23,['Betmgm']
1.62,1.65,0.0,0.0,2.1,0.0,0.0,0.0,0.0,1.65,1.66,0.0,0.0,1.57,1.72,0.0,0.0,0.0,0.0,0.0,1.75,1.63,1.6,1.63,0.0,1.67,1.42,1.0,0.0,0.0,0.0,1.68,0.0,1.68,1.65,1.66,0.0,0.0,1.61,Atlanta Braves,743d0524d095b50356c4fcca5667c124,0,Tue,N,PIT08,69.28333333,16,Pittsburgh Pirates,NL,NL,113,113,0,1.628947368,2.1,8/9/23 0:14,28.92,8/8/23,['Betmgm']
3.0,3.15,0.0,0.0,3.5,0.0,0.0,0.0,0.0,3.2,3.45,0.0,0.0,3.4,3.05,0.0,0.0,0.0,0.0,0.0,1.86,3.1,3.55,3.15,0.0,3.1,1.88,3.6,0.0,0.0,0.0,3.8,0.0,3.8,3.15,3.45,0.0,0.0,3.2,Boston Red Sox,d4cfc1317e9e1569fde75bc0fe6291e4,0,Tue,N,BOS07,64.28333333,16,Kansas City Royals,AL,AL,113,115,1,3.178421053,3.8,8/9/23 0:14,19.56,8/8/23,['Twinspires']
1.31,1.3,0.0,0.0,1.29,0.0,0.0,0.0,0.0,1.25,1.3,0.0,0.0,1.31,1.28,0.0,0.0,0.0,0.0,0.0,1.34,1.26,1.27,1.3,0.0,1.29,1.29,1.48,0.0,0.0,0.0,1.3,0.0,1.3,1.27,1.3,0.0,0.0,0.0,Philadelphia Phillies,ee9ec31eb3df5bb916eedb9e9cc25538,0,Tue,N,PHI13,49.83333333,16,Washington Nationals,NL,NL,115,114,1,1.302222222,1.48,8/9/23 0:14,13.65,8/8/23,['Pointsbetus']
3.6,3.15,0.0,0.0,3.5,0.0,0.0,0.0,0.0,3.2,3.45,0.0,0.0,3.4,3.05,0.0,0.0,0.0,0.0,0.0,1.86,3.1,3.55,3.15,0.0,3.4,1.88,3.6,0.0,0.0,0.0,3.8,0.0,3.8,3.15,3.45,0.0,0.0,3.2,Boston Red Sox,d4cfc1317e9e1569fde75bc0fe6291e4,0,Tue,N,BOS07,64.36666667,16,Kansas City Royals,AL,AL,113,115,1,3.225789474,3.6,8/9/23 0:14,11.6,8/8/23,"['Barstool', 'Pointsbetus']"
3.6,3.15,0.0,0.0,3.5,0.0,0.0,0.0,0.0,3.2,3.45,0.0,0.0,3.4,3.05,0.0,0.0,0.0,0.0,0.0,1.86,3.1,3.55,3.15,0.0,3.4,1.88,3.6,0.0,0.0,0.0,3.8,0.0,3.8,3.15,3.45,0.0,0.0,3.2,Boston Red Sox,d4cfc1317e9e1569fde75bc0fe6291e4,0,Tue,N,BOS07,64.36666667,16,Kansas City Royals,AL,AL,113,115,1,3.225789474,3.6,8/9/23 0:14,11.6,8/8/23,"['Barstool', 'Pointsbetus']"
1.62,1.7,0.0,0.0,2.1,0.0,0.0,0.0,0.0,1.65,1.68,0.0,0.0,1.57,1.72,0.0,0.0,0.0,0.0,0.0,1.75,1.65,1.6,1.63,0.0,1.67,1.42,1.0,0.0,0.0,0.0,1.68,0.0,1.68,1.67,1.68,0.0,0.0,2.1,Atlanta Braves,743d0524d095b50356c4fcca5667c124,0,Tue,N,PIT08,69.91666667,16,Pittsburgh Pirates,NL,NL,113,113,0,1.661578947,2.1,8/9/23 0:14,26.39,8/8/23,"['Betmgm', 'Wynnbet']"
1.62,1.7,0.0,0.0,2.1,0.0,0.0,0.0,0.0,1.65,1.68,0.0,0.0,2.05,1.72,0.0,0.0,0.0,0.0,0.0,1.75,1.65,2.1,1.63,0.0,1.67,1.42,1.0,0.0,0.0,0.0,2.15,0.0,2.15,1.67,1.68,0.0,0.0,2.1,Atlanta Braves,743d0524d095b50356c4fcca5667c124,0,Tue,N,PIT08,70.0,16,Pittsburgh Pirates,NL,NL,113,113,0,1.762631579,2.15,8/9/23 0:15,21.98,8/8/23,['Twinspires']
1.87,1.95,0.0,0.0,2.05,0.0,0.0,0.0,0.0,2.1,1.83,0.0,0.0,1.87,1.82,0.0,0.0,0.0,0.0,0.0,2.12,1.79,1.9,1.98,0.0,1.83,1.62,1.71,0.0,0.0,0.0,1.85,0.0,1.83,1.81,1.83,0.0,0.0,2.05,St. Louis Cardinals,5101db05dce055e0f3766622b76461fc,0,Tue,N,STP01,97.86666667,15,Tampa Bay Rays,NL,AL,114,115,0,1.884736842,2.1,8/9/23 0:16,11.42,8/8/23,['Bovada']
1.8,1.85,0.0,0.0,1.91,0.0,0.0,0.0,0.0,2.15,1.78,0.0,0.0,1.91,1.86,0.0,0.0,0.0,0.0,0.0,2.1,1.74,1.8,1.85,0.0,1.87,2.86,1.69,0.0,0.0,0.0,1.78,0.0,1.78,1.76,1.78,0.0,0.0,1.65,Pittsburgh Pirates,743d0524d095b50356c4fcca5667c124,0,Tue,N,PIT08,71.86666667,16,Atlanta Braves,NL,NL,113,113,1,1.890526316,2.15,8/9/23 0:16,13.72,8/8/23,['Bovada']
1.87,1.95,0.0,0.0,2.05,0.0,0.0,0.0,0.0,2.1,1.83,0.0,0.0,1.87,1.82,0.0,0.0,0.0,0.0,0.0,2.12,1.79,1.9,1.98,0.0,1.83,1.62,1.71,0.0,0.0,0.0,1.85,0.0,1.83,1.81,1.83,0.0,0.0,2.05,St. Louis Cardinals,5101db05dce055e0f3766622b76461fc,0,Tue,N,STP01,97.86666667,15,Tampa Bay Rays,NL,AL,114,115,0,1.884736842,2.1,8/9/23 0:16,11.42,8/8/23,['Bovada']
1.8,1.85,0.0,0.0,1.91,0.0,0.0,0.0,0.0,2.15,1.78,0.0,0.0,1.91,1.86,0.0,0.0,0.0,0.0,0.0,2.1,1.74,1.8,1.85,0.0,1.87,2.86,1.69,0.0,0.0,0.0,1.78,0.0,1.78,1.76,1.78,0.0,0.0,1.65,Pittsburgh Pirates,743d0524d095b50356c4fcca5667c124,0,Tue,N,PIT08,71.86666667,16,Atlanta Braves,NL,NL,113,113,1,1.890526316,2.15,8/9/23 0:16,13.72,8/8/23,['Bovada']
1.87,2.15,0.0,0.0,2.65,0.0,0.0,0.0,0.0,2.1,1.83,0.0,0.0,1.87,1.82,0.0,0.0,0.0,0.0,0.0,2.12,1.79,1.9,1.98,0.0,1.83,1.62,1.71,0.0,0.0,0.0,1.85,0.0,1.83,1.81,1.83,0.0,0.0,2.05,St. Louis Cardinals,5101db05dce055e0f3766622b76461fc,0,Tue,N,STP01,97.98333333,15,Tampa Bay Rays,NL,AL,114,115,0,1.926842105,2.65,8/9/23 0:17,37.53,8/8/23,['Betmgm']
2.8,3.25,0.0,0.0,3.1,0.0,0.0,0.0,0.0,2.7,2.8,0.0,0.0,2.65,2.7,0.0,0.0,0.0,0.0,0.0,2.58,2.7,2.65,2.65,0.0,2.8,2.57,2.85,0.0,0.0,0.0,2.8,0.0,2.8,2.7,2.8,0.0,0.0,2.5,Miami Marlins,629244142f55fa21c87cf4b4d038b695,0,Tue,N,DYE01,96.98333333,15,Cincinnati Reds,NL,NL,115,117,0,2.757894737,3.1,8/9/23 0:17,12.4,8/8/23,['Betmgm']
1.87,2.15,0.0,0.0,2.65,0.0,0.0,0.0,0.0,2.1,1.83,0.0,0.0,1.87,1.82,0.0,0.0,0.0,0.0,0.0,2.12,1.79,1.9,1.98,0.0,1.83,1.62,1.71,0.0,0.0,0.0,1.85,0.0,1.83,1.81,1.83,0.0,0.0,2.05,St. Louis Cardinals,5101db05dce055e0f3766622b76461fc,0,Tue,N,STP01,97.98333333,15,Tampa Bay Rays,NL,AL,114,115,0,1.926842105,2.65,8/9/23 0:17,37.53,8/8/23,['Betmgm']
2.8,3.25,0.0,0.0,3.1,0.0,0.0,0.0,0.0,2.7,2.8,0.0,0.0,2.65,2.7,0.0,0.0,0.0,0.0,0.0,2.58,2.7,2.65,2.65,0.0,2.8,2.57,2.85,0.0,0.0,0.0,2.8,0.0,2.8,2.7,2.8,0.0,0.0,2.5,Miami Marlins,629244142f55fa21c87cf4b4d038b695,0,Tue,N,DYE01,96.98333333,15,Cincinnati Reds,NL,NL,115,117,0,2.757894737,3.1,8/9/23 0:17,12.4,8/8/23,['Betmgm']
1.87,2.15,0.0,0.0,2.65,0.0,0.0,0.0,0.0,2.1,1.83,0.0,0.0,2.35,1.82,0.0,0.0,0.0,0.0,0.0,2.12,1.79,1.9,1.98,0.0,1.83,1.62,2.15,0.0,0.0,0.0,2.28,0.0,1.83,1.81,1.83,0.0,0.0,2.05,St. Louis Cardinals,5101db05dce055e0f3766622b76461fc,0,Tue,N,STP01,98.15,15,Tampa Bay Rays,NL,AL,114,115,0,1.997894737,2.35,8/9/23 0:17,17.62,8/8/23,['Draftkings']
1.33,1.37,0.0,0.0,1.29,0.0,0.0,0.0,0.0,1.3,1.32,0.0,0.0,1.36,1.33,0.0,0.0,0.0,0.0,0.0,1.43,1.28,1.32,1.3,0.0,1.33,1.29,1.48,0.0,0.0,0.0,1.32,0.0,1.32,1.29,1.32,0.0,0.0,0.0,Philadelphia Phillies,ee9ec31eb3df5bb916eedb9e9cc25538,0,Tue,N,PHI13,52.7,16,Washington Nationals,NL,NL,115,114,1,1.332222222,1.48,8/9/23 0:17,11.09,8/8/23,['Pointsbetus']
2.8,3.25,0.0,0.0,3.1,0.0,0.0,0.0,0.0,2.7,2.8,0.0,0.0,2.9,2.7,0.0,0.0,0.0,0.0,0.0,3.4,2.7,2.65,2.65,0.0,2.8,2.57,3.5,0.0,0.0,0.0,3.25,0.0,2.8,2.7,2.8,0.0,0.0,2.5,Miami Marlins,629244142f55fa21c87cf4b4d038b695,0,Tue,N,DYE01,97.15,15,Cincinnati Reds,NL,NL,115,117,0,2.872105263,3.5,8/9/23 0:17,21.86,8/8/23,['Pointsbetus']
2.4,2.45,0.0,0.0,2.3,0.0,0.0,0.0,0.0,2.55,2.28,0.0,0.0,2.2,2.32,0.0,0.0,0.0,0.0,0.0,2.76,2.28,2.4,2.32,0.0,2.3,2.27,2.65,0.0,0.0,0.0,2.2,0.0,2.28,2.28,2.28,0.0,0.0,2.35,Toronto Blue Jays,54a6f7f50dedce4e726945f1d303b510,0,Tue,N,CLE08,67.15,16,Cleveland Guardians,AL,AL,115,114,0,2.361578947,2.65,8/9/23 0:17,12.21,8/8/23,['Pointsbetus']
1.87,2.15,0.0,0.0,2.65,0.0,0.0,0.0,0.0,2.1,1.83,0.0,0.0,2.35,1.82,0.0,0.0,0.0,0.0,0.0,2.12,1.79,2.25,1.98,0.0,1.83,1.62,2.15,0.0,0.0,0.0,2.28,0.0,1.83,1.81,1.83,0.0,0.0,2.05,St. Louis Cardinals,5101db05dce055e0f3766622b76461fc,0,Tue,N,STP01,98.15,15,Tampa Bay Rays,NL,AL,114,115,0,2.016315789,2.35,8/9/23 0:17,16.55,8/8/23,['Draftkings']
1.33,1.37,0.0,0.0,1.29,0.0,0.0,0.0,0.0,1.3,1.32,0.0,0.0,1.36,1.33,0.0,0.0,0.0,0.0,0.0,1.43,1.28,1.32,1.3,0.0,1.33,1.29,1.48,0.0,0.0,0.0,1.32,0.0,1.32,1.29,1.32,0.0,0.0,0.0,Philadelphia Phillies,ee9ec31eb3df5bb916eedb9e9cc25538,0,Tue,N,PHI13,52.7,16,Washington Nationals,NL,NL,115,114,1,1.332222222,1.48,8/9/23 0:17,11.09,8/8/23,['Pointsbetus']
2.8,3.25,0.0,0.0,3.1,0.0,0.0,0.0,0.0,2.7,2.8,0.0,0.0,2.9,2.7,0.0,0.0,0.0,0.0,0.0,3.4,2.7,3.1,2.65,0.0,2.8,2.57,3.5,0.0,0.0,0.0,3.25,0.0,2.8,2.7,2.8,0.0,0.0,2.5,Miami Marlins,629244142f55fa21c87cf4b4d038b695,0,Tue,N,DYE01,97.15,15,Cincinnati Reds,NL,NL,115,117,0,2.895789474,3.5,8/9/23 0:17,20.87,8/8/23,['Pointsbetus']
2.4,2.45,0.0,0.0,2.3,0.0,0.0,0.0,0.0,2.55,2.28,0.0,0.0,2.2,2.32,0.0,0.0,0.0,0.0,0.0,2.76,2.28,2.35,2.32,0.0,2.3,2.27,2.65,0.0,0.0,0.0,2.2,0.0,2.28,2.28,2.28,0.0,0.0,2.35,Toronto Blue Jays,54a6f7f50dedce4e726945f1d303b510,0,Tue,N,CLE08,67.15,16,Cleveland Guardians,AL,AL,115,114,0,2.358947368,2.65,8/9/23 0:17,12.34,8/8/23,['Pointsbetus']
2.25,2.15,0.0,0.0,2.65,0.0,0.0,0.0,0.0,2.1,1.83,0.0,0.0,2.35,1.82,0.0,0.0,0.0,0.0,0.0,2.12,1.79,2.25,2.22,0.0,1.83,1.62,2.15,0.0,0.0,0.0,2.28,0.0,2.28,1.81,1.83,0.0,0.0,2.05,St. Louis Cardinals,5101db05dce055e0f3766622b76461fc,0,Tue,N,STP01,98.26666667,15,Tampa Bay Rays,NL,AL,114,115,0,2.072631579,2.35,8/9/23 0:17,13.38,8/8/23,['Draftkings']
1.33,1.37,0.0,0.0,1.29,0.0,0.0,0.0,0.0,1.3,1.32,0.0,0.0,1.36,1.31,0.0,0.0,0.0,0.0,0.0,1.43,1.28,1.32,1.28,0.0,1.3,1.29,1.48,0.0,0.0,0.0,1.32,0.0,1.32,1.29,1.32,0.0,0.0,0.0,Philadelphia Phillies,ee9ec31eb3df5bb916eedb9e9cc25538,0,Tue,N,PHI13,52.81666667,16,Washington Nationals,NL,NL,115,114,1,1.328333333,1.48,8/9/23 0:17,11.42,8/8/23,['Pointsbetus']
3.1,3.25,0.0,0.0,3.1,0.0,0.0,0.0,0.0,2.7,2.8,0.0,0.0,2.9,3.2,0.0,0.0,0.0,0.0,0.0,3.4,2.7,3.1,2.95,0.0,3.1,2.57,3.5,0.0,0.0,0.0,3.25,0.0,3.25,2.7,2.8,0.0,0.0,2.5,Miami Marlins,629244142f55fa21c87cf4b4d038b695,0,Tue,N,DYE01,97.26666667,15,Cincinnati Reds,NL,NL,115,117,0,2.993157895,3.5,8/9/23 0:17,16.93,8/8/23,['Pointsbetus']
2.35,2.45,0.0,0.0,2.3,0.0,0.0,0.0,0.0,2.55,2.28,0.0,0.0,2.2,2.28,0.0,0.0,0.0,0.0,0.0,2.76,2.28,2.35,2.27,0.0,2.25,2.27,2.65,0.0,0.0,0.0,2.2,0.0,2.2,2.28,2.28,0.0,0.0,2.35,Toronto Blue Jays,54a6f7f50dedce4e726945f1d303b510,0,Tue,N,CLE08,67.26666667,16,Cleveland Guardians,AL,AL,115,114,0,2.344736842,2.65,8/9/23 0:17,13.02,8/8/23,['Pointsbetus']
2.25,2.15,0.0,0.0,2.65,0.0,0.0,0.0,0.0,2.1,1.83,0.0,0.0,2.35,1.82,0.0,0.0,0.0,0.0,0.0,2.12,1.79,2.25,2.22,0.0,1.83,1.62,2.15,0.0,0.0,0.0,2.28,0.0,2.28,1.81,1.83,0.0,0.0,2.05,St. Louis Cardinals,5101db05dce055e0f3766622b76461fc,0,Tue,N,STP01,98.26666667,15,Tampa Bay Rays,NL,AL,114,115,0,2.072631579,2.35,8/9/23 0:17,13.38,8/8/23,['Draftkings']
1.33,1.37,0.0,0.0,1.29,0.0,0.0,0.0,0.0,1.3,1.32,0.0,0.0,1.36,1.31,0.0,0.0,0.0,0.0,0.0,1.43,1.28,1.32,1.28,0.0,1.3,1.29,1.48,0.0,0.0,0.0,1.32,0.0,1.32,1.29,1.32,0.0,0.0,0.0,Philadelphia Phillies,ee9ec31eb3df5bb916eedb9e9cc25538,0,Tue,N,PHI13,52.81666667,16,Washington Nationals,NL,NL,115,114,1,1.328333333,1.48,8/9/23 0:17,11.42,8/8/23,['Pointsbetus']
3.1,3.25,0.0,0.0,3.1,0.0,0.0,0.0,0.0,2.7,2.8,0.0,0.0,2.9,3.2,0.0,0.0,0.0,0.0,0.0,3.4,2.7,3.1,2.95,0.0,3.1,2.57,3.5,0.0,0.0,0.0,3.25,0.0,3.25,2.7,2.8,0.0,0.0,2.5,Miami Marlins,629244142f55fa21c87cf4b4d038b695,0,Tue,N,DYE01,97.26666667,15,Cincinnati Reds,NL,NL,115,117,0,2.993157895,3.5,8/9/23 0:17,16.93,8/8/23,['Pointsbetus']
2.35,2.45,0.0,0.0,2.3,0.0,0.0,0.0,0.0,2.55,2.28,0.0,0.0,2.2,2.28,0.0,0.0,0.0,0.0,0.0,2.76,2.28,2.35,2.27,0.0,2.25,2.27,2.65,0.0,0.0,0.0,2.2,0.0,2.2,2.28,2.28,0.0,0.0,2.35,Toronto Blue Jays,54a6f7f50dedce4e726945f1d303b510,0,Tue,N,CLE08,67.26666667,16,Cleveland Guardians,AL,AL,115,114,0,2.344736842,2.65,8/9/23 0:17,13.02,8/8/23,['Pointsbetus']
2.25,2.3,0.0,0.0,2.35,0.0,0.0,0.0,0.0,1.91,2.28,0.0,0.0,2.2,1.82,0.0,0.0,0.0,0.0,0.0,2.12,2.23,2.25,2.22,0.0,1.83,1.62,2.15,0.0,0.0,0.0,2.2,0.0,2.28,2.25,2.28,0.0,0.0,2.05,St. Louis Cardinals,5101db05dce055e0f3766622b76461fc,0,Tue,N,STP01,98.86666667,15,Tampa Bay Rays,NL,AL,114,115,0,2.136315789,2.35,8/9/23 0:17,10.0,8/8/23,['Betmgm']
2.25,2.3,0.0,0.0,2.35,0.0,0.0,0.0,0.0,1.91,2.28,0.0,0.0,2.2,1.82,0.0,0.0,0.0,0.0,0.0,2.12,2.23,2.25,2.22,0.0,1.83,1.62,2.15,0.0,0.0,0.0,2.2,0.0,2.28,2.25,2.28,0.0,0.0,2.05,St. Louis Cardinals,5101db05dce055e0f3766622b76461fc,0,Tue,N,STP01,98.86666667,15,Tampa Bay Rays,NL,AL,114,115,0,2.136315789,2.35,8/9/23 0:17,10.0,8/8/23,['Betmgm']
3.1,3.25,0.0,0.0,3.1,0.0,0.0,0.0,0.0,2.7,3.25,0.0,0.0,2.9,3.2,0.0,0.0,0.0,0.0,0.0,3.4,3.1,3.1,2.95,0.0,3.1,2.57,3.5,0.0,0.0,0.0,3.25,0.0,3.25,3.15,3.25,0.0,0.0,2.5,Miami Marlins,629244142f55fa21c87cf4b4d038b695,0,Tue,N,DYE01,98.18333333,15,Cincinnati Reds,NL,NL,115,117,0,3.085263158,3.5,8/9/23 0:18,13.44,8/8/23,['Pointsbetus']
2.35,2.45,0.0,0.0,2.25,0.0,0.0,0.0,0.0,2.4,2.2,0.0,0.0,2.2,2.32,0.0,0.0,0.0,0.0,0.0,2.46,2.2,2.3,2.27,0.0,2.3,2.27,2.65,0.0,0.0,0.0,2.2,0.0,2.2,2.2,2.2,0.0,0.0,2.35,Toronto Blue Jays,54a6f7f50dedce4e726945f1d303b510,0,Tue,N,CLE08,68.18333333,16,Cleveland Guardians,AL,AL,115,114,0,2.303684211,2.65,8/9/23 0:18,15.03,8/8/23,['Pointsbetus']
3.1,3.25,0.0,0.0,3.1,0.0,0.0,0.0,0.0,2.7,3.25,0.0,0.0,2.9,3.2,0.0,0.0,0.0,0.0,0.0,3.4,3.1,3.1,2.95,0.0,3.1,2.57,3.5,0.0,0.0,0.0,3.25,0.0,3.25,3.15,3.25,0.0,0.0,2.5,Miami Marlins,629244142f55fa21c87cf4b4d038b695,0,Tue,N,DYE01,98.18333333,15,Cincinnati Reds,NL,NL,115,117,0,3.085263158,3.5,8/9/23 0:18,13.44,8/8/23,['Pointsbetus']
2.35,2.45,0.0,0.0,2.25,0.0,0.0,0.0,0.0,2.4,2.2,0.0,0.0,2.2,2.32,0.0,0.0,0.0,0.0,0.0,2.46,2.2,2.3,2.27,0.0,2.3,2.27,2.65,0.0,0.0,0.0,2.2,0.0,2.2,2.2,2.2,0.0,0.0,2.35,Toronto Blue Jays,54a6f7f50dedce4e726945f1d303b510,0,Tue,N,CLE08,68.18333333,16,Cleveland Guardians,AL,AL,115,114,0,2.303684211,2.65,8/9/23 0:18,15.03,8/8/23,['Pointsbetus']
3.6,3.75,0.0,0.0,3.5,0.0,0.0,0.0,0.0,3.55,3.5,0.0,0.0,3.1,3.7,0.0,0.0,0.0,0.0,0.0,1.86,3.15,3.15,3.15,0.0,4.2,1.88,3.6,0.0,0.0,0.0,3.2,0.0,3.2,3.2,3.5,0.0,0.0,3.6,Boston Red Sox,d4cfc1317e9e1569fde75bc0fe6291e4,0,Tue,N,BOS07,68.63333333,16,Kansas City Royals,AL,AL,113,115,1,3.283684211,3.7,8/9/23 0:18,12.68,8/8/23,['Fanduel']
2.1,2.25,0.0,0.0,2.35,0.0,0.0,0.0,0.0,1.91,2.06,0.0,0.0,2.1,2.06,0.0,0.0,0.0,0.0,0.0,2.12,2.0,2.05,2.17,0.0,2.0,1.62,1.91,0.0,0.0,0.0,2.06,0.0,2.06,2.04,2.06,0.0,0.0,2.05,St. Louis Cardinals,5101db05dce055e0f3766622b76461fc,0,Tue,N,STP01,99.71666667,15,Tampa Bay Rays,NL,AL,114,115,0,2.051052632,2.35,8/9/23 0:18,14.58,8/8/23,['Betmgm']
3.25,3.65,0.0,0.0,3.2,0.0,0.0,0.0,0.0,3.55,3.5,0.0,0.0,3.1,3.7,0.0,0.0,0.0,0.0,0.0,1.86,3.15,3.15,3.2,0.0,3.7,1.88,3.6,0.0,0.0,0.0,3.2,0.0,3.2,3.2,3.5,0.0,0.0,3.6,Boston Red Sox,d4cfc1317e9e1569fde75bc0fe6291e4,0,Tue,N,BOS07,68.71666667,16,Kansas City Royals,AL,AL,113,115,1,3.220526316,3.7,8/9/23 0:18,14.89,8/8/23,['Fanduel']
2.1,2.25,0.0,0.0,2.35,0.0,0.0,0.0,0.0,1.91,2.06,0.0,0.0,2.1,2.06,0.0,0.0,0.0,0.0,0.0,2.12,2.0,2.05,2.17,0.0,2.0,1.62,1.91,0.0,0.0,0.0,2.06,0.0,2.06,2.04,2.06,0.0,0.0,2.05,St. Louis Cardinals,5101db05dce055e0f3766622b76461fc,0,Tue,N,STP01,99.71666667,15,Tampa Bay Rays,NL,AL,114,115,0,2.051052632,2.35,8/9/23 0:18,14.58,8/8/23,['Betmgm']
3.25,3.65,0.0,0.0,3.2,0.0,0.0,0.0,0.0,3.55,3.5,0.0,0.0,3.1,3.7,0.0,0.0,0.0,0.0,0.0,1.86,3.15,3.15,3.2,0.0,3.7,1.88,3.6,0.0,0.0,0.0,3.2,0.0,3.2,3.2,3.5,0.0,0.0,3.6,Boston Red Sox,d4cfc1317e9e1569fde75bc0fe6291e4,0,Tue,N,BOS07,68.71666667,16,Kansas City Royals,AL,AL,113,115,1,3.220526316,3.7,8/9/23 0:18,14.89,8/8/23,['Fanduel']
3.25,3.65,0.0,0.0,3.2,0.0,0.0,0.0,0.0,3.55,3.2,0.0,0.0,3.1,3.7,0.0,0.0,0.0,0.0,0.0,1.86,2.9,3.15,3.2,0.0,3.7,1.88,3.6,0.0,0.0,0.0,3.2,0.0,3.2,2.95,3.2,0.0,0.0,3.6,Boston Red Sox,d4cfc1317e9e1569fde75bc0fe6291e4,0,Tue,N,BOS07,69.05,16,Kansas City Royals,AL,AL,113,115,1,3.162631579,3.55,8/9/23 0:19,12.25,8/8/23,['Bovada']
3.25,3.65,0.0,0.0,3.2,0.0,0.0,0.0,0.0,3.55,3.2,0.0,0.0,3.1,3.7,0.0,0.0,0.0,0.0,0.0,1.86,2.9,3.15,3.2,0.0,3.7,1.88,3.3,0.0,0.0,0.0,3.2,0.0,3.2,2.95,3.2,0.0,0.0,3.6,Boston Red Sox,d4cfc1317e9e1569fde75bc0fe6291e4,0,Tue,N,BOS07,69.08333333,16,Kansas City Royals,AL,AL,113,115,1,3.146842105,3.55,8/9/23 0:19,12.81,8/8/23,['Bovada']
1.31,1.3,0.0,0.0,1.29,0.0,0.0,0.0,0.0,1.33,1.29,0.0,0.0,1.29,1.27,0.0,0.0,0.0,0.0,0.0,1.43,1.25,1.27,1.26,0.0,1.29,1.29,1.44,0.0,0.0,0.0,1.29,0.0,1.29,1.26,1.29,0.0,0.0,0.0,Philadelphia Phillies,ee9ec31eb3df5bb916eedb9e9cc25538,0,Tue,N,PHI13,54.63333333,16,Washington Nationals,NL,NL,115,114,1,1.302222222,1.44,8/9/23 0:19,10.58,8/8/23,['Pointsbetus']
3.1,3.25,0.0,0.0,3.1,0.0,0.0,0.0,0.0,2.7,3.25,0.0,0.0,2.9,3.2,0.0,0.0,0.0,0.0,0.0,3.4,3.1,3.1,2.95,0.0,3.1,2.57,3.5,0.0,0.0,0.0,3.25,0.0,3.25,3.15,3.25,0.0,0.0,3.0,Miami Marlins,629244142f55fa21c87cf4b4d038b695,0,Tue,N,DYE01,99.08333333,15,Cincinnati Reds,NL,NL,115,117,0,3.111578947,3.5,8/9/23 0:19,12.48,8/8/23,['Pointsbetus']
2.4,2.4,0.0,0.0,2.25,0.0,0.0,0.0,0.0,2.4,2.2,0.0,0.0,2.2,2.32,0.0,0.0,0.0,0.0,0.0,2.46,2.2,2.4,2.27,0.0,2.3,2.27,2.65,0.0,0.0,0.0,2.2,0.0,2.2,2.2,2.2,0.0,0.0,2.25,Toronto Blue Jays,54a6f7f50dedce4e726945f1d303b510,0,Tue,N,CLE08,69.08333333,16,Cleveland Guardians,AL,AL,115,114,0,2.303684211,2.65,8/9/23 0:19,15.03,8/8/23,['Pointsbetus']
1.31,1.3,0.0,0.0,1.29,0.0,0.0,0.0,0.0,1.33,1.29,0.0,0.0,1.29,1.27,0.0,0.0,0.0,0.0,0.0,1.43,1.25,1.27,1.26,0.0,1.29,1.29,1.44,0.0,0.0,0.0,1.29,0.0,1.29,1.26,1.29,0.0,0.0,0.0,Philadelphia Phillies,ee9ec31eb3df5bb916eedb9e9cc25538,0,Tue,N,PHI13,54.63333333,16,Washington Nationals,NL,NL,115,114,1,1.302222222,1.44,8/9/23 0:19,10.58,8/8/23,['Pointsbetus']
3.1,3.25,0.0,0.0,3.1,0.0,0.0,0.0,0.0,2.7,3.25,0.0,0.0,2.9,3.2,0.0,0.0,0.0,0.0,0.0,3.4,3.1,3.1,2.95,0.0,3.1,2.57,3.5,0.0,0.0,0.0,3.25,0.0,3.25,3.15,3.25,0.0,0.0,3.0,Miami Marlins,629244142f55fa21c87cf4b4d038b695,0,Tue,N,DYE01,99.08333333,15,Cincinnati Reds,NL,NL,115,117,0,3.111578947,3.5,8/9/23 0:19,12.48,8/8/23,['Pointsbetus']
2.4,2.4,0.0,0.0,2.25,0.0,0.0,0.0,0.0,2.4,2.2,0.0,0.0,2.2,2.32,0.0,0.0,0.0,0.0,0.0,2.46,2.2,2.4,2.27,0.0,2.3,2.27,2.65,0.0,0.0,0.0,2.2,0.0,2.2,2.2,2.2,0.0,0.0,2.25,Toronto Blue Jays,54a6f7f50dedce4e726945f1d303b510,0,Tue,N,CLE08,69.08333333,16,Cleveland Guardians,AL,AL,115,114,0,2.303684211,2.65,8/9/23 0:19,15.03,8/8/23,['Pointsbetus']
1.31,1.3,0.0,0.0,1.29,0.0,0.0,0.0,0.0,1.33,1.29,0.0,0.0,1.29,1.27,0.0,0.0,0.0,0.0,0.0,1.43,1.25,1.27,1.26,0.0,1.29,1.29,1.44,0.0,0.0,0.0,1.29,0.0,1.29,1.26,1.29,0.0,0.0,0.0,Philadelphia Phillies,ee9ec31eb3df5bb916eedb9e9cc25538,0,Tue,N,PHI13,54.76666667,16,Washington Nationals,NL,NL,115,114,1,1.302222222,1.44,8/9/23 0:19,10.58,8/8/23,['Pointsbetus']
3.1,3.25,0.0,0.0,3.1,0.0,0.0,0.0,0.0,2.7,3.25,0.0,0.0,2.9,3.2,0.0,0.0,0.0,0.0,0.0,3.4,3.1,3.1,2.95,0.0,3.1,2.57,3.5,0.0,0.0,0.0,3.25,0.0,3.25,3.15,3.25,0.0,0.0,3.0,Miami Marlins,629244142f55fa21c87cf4b4d038b695,0,Tue,N,DYE01,99.21666667,15,Cincinnati Reds,NL,NL,115,117,0,3.111578947,3.5,8/9/23 0:19,12.48,8/8/23,['Pointsbetus']
2.4,2.5,0.0,0.0,2.25,0.0,0.0,0.0,0.0,2.4,2.2,0.0,0.0,2.2,2.32,0.0,0.0,0.0,0.0,0.0,2.46,2.2,2.4,2.27,0.0,2.3,2.27,2.65,0.0,0.0,0.0,2.2,0.0,2.2,2.2,2.2,0.0,0.0,2.25,Toronto Blue Jays,54a6f7f50dedce4e726945f1d303b510,0,Tue,N,CLE08,69.21666667,16,Cleveland Guardians,AL,AL,115,114,0,2.308947368,2.65,8/9/23 0:19,14.77,8/8/23,['Pointsbetus']
3.25,3.35,0.0,0.0,3.2,0.0,0.0,0.0,0.0,3.55,3.2,0.0,0.0,3.0,3.7,0.0,0.0,0.0,0.0,0.0,1.86,2.9,3.2,3.2,0.0,3.7,1.88,3.3,0.0,0.0,0.0,3.3,0.0,3.3,2.95,3.2,0.0,0.0,3.6,Boston Red Sox,d4cfc1317e9e1569fde75bc0fe6291e4,0,Tue,N,BOS07,69.4,16,Kansas City Royals,AL,AL,113,115,1,3.138947368,3.7,8/9/23 0:19,17.87,8/8/23,['Fanduel']
3.25,3.35,0.0,0.0,3.2,0.0,0.0,0.0,0.0,3.55,3.2,0.0,0.0,3.0,3.7,0.0,0.0,0.0,0.0,0.0,1.86,2.9,3.2,3.2,0.0,3.7,1.88,3.3,0.0,0.0,0.0,3.3,0.0,3.3,2.95,3.2,0.0,0.0,3.6,Boston Red Sox,d4cfc1317e9e1569fde75bc0fe6291e4,0,Tue,N,BOS07,69.4,16,Kansas City Royals,AL,AL,113,115,1,3.138947368,3.7,8/9/23 0:19,17.87,8/8/23,['Fanduel']
2.05,2.15,0.0,0.0,2.4,0.0,0.0,0.0,0.0,1.91,2.07,0.0,0.0,2.1,2.06,0.0,0.0,0.0,0.0,0.0,2.12,2.02,2.05,2.02,0.0,2.0,1.62,1.91,0.0,0.0,0.0,2.02,0.0,2.02,2.04,2.07,0.0,0.0,2.15,St. Louis Cardinals,5101db05dce055e0f3766622b76461fc,0,Tue,N,STP01,100.6333333,15,Tampa Bay Rays,NL,AL,114,115,0,2.041052632,2.4,8/9/23 0:19,17.59,8/8/23,['Betmgm']
2.05,2.15,0.0,0.0,2.4,0.0,0.0,0.0,0.0,1.91,2.07,0.0,0.0,2.1,2.06,0.0,0.0,0.0,0.0,0.0,2.12,2.02,2.05,2.02,0.0,2.0,1.62,1.91,0.0,0.0,0.0,2.02,0.0,2.02,2.04,2.07,0.0,0.0,2.15,St. Louis Cardinals,5101db05dce055e0f3766622b76461fc,0,Tue,N,STP01,100.6333333,15,Tampa Bay Rays,NL,AL,114,115,0,2.041052632,2.4,8/9/23 0:19,17.59,8/8/23,['Betmgm']
1.91,2.0,0.0,0.0,1.91,0.0,0.0,0.0,0.0,1.95,1.93,0.0,0.0,1.8,1.93,0.0,0.0,0.0,0.0,0.0,2.06,1.89,1.85,1.81,0.0,1.87,1.42,2.15,0.0,0.0,0.0,1.91,0.0,1.91,1.92,1.93,0.0,0.0,1.91,Atlanta Braves,743d0524d095b50356c4fcca5667c124,0,Tue,N,PIT08,74.96666667,16,Pittsburgh Pirates,NL,NL,113,113,0,1.897894737,2.15,8/9/23 0:20,13.28,8/8/23,['Pointsbetus']
1.31,1.3,0.0,0.0,1.29,0.0,0.0,0.0,0.0,1.29,1.29,0.0,0.0,1.3,1.3,0.0,0.0,0.0,0.0,0.0,1.43,1.25,1.3,1.26,0.0,1.29,1.29,1.44,0.0,0.0,0.0,1.29,0.0,1.29,1.26,1.29,0.0,0.0,0.0,Philadelphia Phillies,ee9ec31eb3df5bb916eedb9e9cc25538,0,Tue,N,PHI13,55.51666667,16,Washington Nationals,NL,NL,115,114,1,1.303888889,1.44,8/9/23 0:20,10.44,8/8/23,['Pointsbetus']
2.4,2.5,0.0,0.0,2.3,0.0,0.0,0.0,0.0,2.4,2.23,0.0,0.0,2.2,2.32,0.0,0.0,0.0,0.0,0.0,2.46,2.23,2.4,2.27,0.0,2.3,2.27,2.65,0.0,0.0,0.0,2.2,0.0,2.2,2.23,2.23,0.0,0.0,2.25,Toronto Blue Jays,54a6f7f50dedce4e726945f1d303b510,0,Tue,N,CLE08,69.96666667,16,Cleveland Guardians,AL,AL,115,114,0,2.317894737,2.65,8/9/23 0:20,14.33,8/8/23,['Pointsbetus']
1.91,2.0,0.0,0.0,1.91,0.0,0.0,0.0,0.0,1.95,1.93,0.0,0.0,1.8,1.93,0.0,0.0,0.0,0.0,0.0,2.06,1.89,1.85,1.81,0.0,1.87,1.42,2.15,0.0,0.0,0.0,1.91,0.0,1.91,1.92,1.93,0.0,0.0,1.91,Atlanta Braves,743d0524d095b50356c4fcca5667c124,0,Tue,N,PIT08,74.96666667,16,Pittsburgh Pirates,NL,NL,113,113,0,1.897894737,2.15,8/9/23 0:20,13.28,8/8/23,['Pointsbetus']
1.31,1.3,0.0,0.0,1.29,0.0,0.0,0.0,0.0,1.29,1.29,0.0,0.0,1.3,1.3,0.0,0.0,0.0,0.0,0.0,1.43,1.25,1.3,1.26,0.0,1.29,1.29,1.44,0.0,0.0,0.0,1.29,0.0,1.29,1.26,1.29,0.0,0.0,0.0,Philadelphia Phillies,ee9ec31eb3df5bb916eedb9e9cc25538,0,Tue,N,PHI13,55.51666667,16,Washington Nationals,NL,NL,115,114,1,1.303888889,1.44,8/9/23 0:20,10.44,8/8/23,['Pointsbetus']
2.4,2.5,0.0,0.0,2.3,0.0,0.0,0.0,0.0,2.4,2.23,0.0,0.0,2.2,2.32,0.0,0.0,0.0,0.0,0.0,2.46,2.23,2.4,2.27,0.0,2.3,2.27,2.65,0.0,0.0,0.0,2.2,0.0,2.2,2.23,2.23,0.0,0.0,2.25,Toronto Blue Jays,54a6f7f50dedce4e726945f1d303b510,0,Tue,N,CLE08,69.96666667,16,Cleveland Guardians,AL,AL,115,114,0,2.317894737,2.65,8/9/23 0:20,14.33,8/8/23,['Pointsbetus']
3.25,3.35,0.0,0.0,3.2,0.0,0.0,0.0,0.0,3.25,3.3,0.0,0.0,3.0,3.8,0.0,0.0,0.0,0.0,0.0,1.86,3.0,3.2,3.2,0.0,3.7,1.88,3.3,0.0,0.0,0.0,3.3,0.0,3.3,3.0,3.3,0.0,0.0,3.6,Boston Red Sox,d4cfc1317e9e1569fde75bc0fe6291e4,0,Tue,N,BOS07,70.16666667,16,Kansas City Royals,AL,AL,113,115,1,3.146842105,3.8,8/9/23 0:20,20.76,8/8/23,['Fanduel']
2.35,2.45,0.0,0.0,2.85,0.0,0.0,0.0,0.0,2.2,2.43,0.0,0.0,2.4,2.3,0.0,0.0,0.0,0.0,0.0,2.12,2.35,2.45,2.45,0.0,2.38,2.43,2.3,0.0,0.0,0.0,2.5,0.0,2.43,2.38,2.35,0.0,0.0,2.2,St. Louis Cardinals,5101db05dce055e0f3766622b76461fc,0,Tue,N,STP01,103.43333333333334,15,Tampa Bay Rays,NL,AL,114,115,0,2.3852631578947374,2.85,2023-08-09 00:22:28,19.48,2023-08-08,['Betmgm']
4.2,3.35,0.0,0.0,3.25,0.0,0.0,0.0,0.0,3.3,3.3,0.0,0.0,2.9,3.7,0.0,0.0,0.0,0.0,0.0,0.0,3.0,3.0,3.05,0.0,3.7,3.4,1.0,0.0,0.0,0.0,3.2,0.0,3.45,3.05,3.45,0.0,0.0,3.4,Boston Red Sox,d4cfc1317e9e1569fde75bc0fe6291e4,0,Tue,N,BOS07,72.43333333333334,16,Kansas City Royals,AL,AL,113,115,1,3.205555555555556,3.7,2023-08-09 00:22:28,15.42,2023-08-08,['Fanduel']
0.0,1.52,0.0,0.0,1.61,0.0,0.0,0.0,0.0,2.25,1.55,0.0,0.0,1.57,1.5,0.0,0.0,0.0,0.0,0.0,0.0,1.53,1.57,1.66,0.0,1.53,1.53,1.0,0.0,0.0,0.0,1.51,0.0,1.55,1.54,1.55,0.0,0.0,2.25,Chicago Cubs,27db524a36a344991eaefb99ab87d9ef,0,Tue,N,NYC20,72.76666666666667,16,New York Mets,NL,NL,115,114,0,1.6011764705882354,2.25,2023-08-09 00:22:48,40.52,2023-08-08,"['Bovada', 'Wynnbet']"
1.31,1.3,0.0,0.0,1.25,0.0,0.0,0.0,0.0,1.33,1.28,0.0,0.0,1.29,1.26,0.0,0.0,0.0,0.0,0.0,1.43,1.24,1.27,1.23,0.0,1.25,1.3,1.44,0.0,0.0,0.0,1.28,0.0,1.28,1.25,1.28,0.0,0.0,0.0,Philadelphia Phillies,ee9ec31eb3df5bb916eedb9e9cc25538,0,Tue,N,PHI13,58.31666666666667,16,Washington Nationals,NL,NL,115,114,1,1.2927777777777782,1.44,2023-08-09 00:22:48,11.39,2023-08-08,['Pointsbetus']
0.0,2.8,0.0,0.0,2.45,0.0,0.0,0.0,0.0,2.6,2.35,0.0,0.0,2.45,2.44,0.0,0.0,0.0,0.0,0.0,2.46,2.35,2.6,2.45,0.0,2.38,2.7,2.75,0.0,0.0,0.0,2.35,0.0,2.35,2.35,2.35,0.0,0.0,2.5,Toronto Blue Jays,54a6f7f50dedce4e726945f1d303b510,0,Tue,N,CLE08,72.76666666666667,16,Cleveland Guardians,AL,AL,115,114,0,2.4822222222222226,2.75,2023-08-09 00:22:48,10.79,2023-08-08,['Pointsbetus']
0.0,1.52,0.0,0.0,1.61,0.0,0.0,0.0,0.0,2.25,1.55,0.0,0.0,1.57,1.5,0.0,0.0,0.0,0.0,0.0,0.0,1.53,1.57,1.66,0.0,1.53,1.53,1.0,0.0,0.0,0.0,1.51,0.0,1.55,1.54,1.55,0.0,0.0,2.25,Chicago Cubs,27db524a36a344991eaefb99ab87d9ef,0,Tue,N,NYC20,72.76666666666667,16,New York Mets,NL,NL,115,114,0,1.6011764705882354,2.25,2023-08-09 00:22:48,40.52,2023-08-08,"['Bovada', 'Wynnbet']"
1.31,1.3,0.0,0.0,1.25,0.0,0.0,0.0,0.0,1.33,1.28,0.0,0.0,1.29,1.26,0.0,0.0,0.0,0.0,0.0,1.43,1.24,1.27,1.23,0.0,1.25,1.3,1.44,0.0,0.0,0.0,1.28,0.0,1.28,1.25,1.28,0.0,0.0,0.0,Philadelphia Phillies,ee9ec31eb3df5bb916eedb9e9cc25538,0,Tue,N,PHI13,58.31666666666667,16,Washington Nationals,NL,NL,115,114,1,1.2927777777777782,1.44,2023-08-09 00:22:48,11.39,2023-08-08,['Pointsbetus']
0.0,2.8,0.0,0.0,2.45,0.0,0.0,0.0,0.0,2.6,2.35,0.0,0.0,2.45,2.44,0.0,0.0,0.0,0.0,0.0,2.46,2.35,2.6,2.45,0.0,2.38,2.7,2.75,0.0,0.0,0.0,2.35,0.0,2.35,2.35,2.35,0.0,0.0,2.5,Toronto Blue Jays,54a6f7f50dedce4e726945f1d303b510,0,Tue,N,CLE08,72.76666666666667,16,Cleveland Guardians,AL,AL,115,114,0,2.4822222222222226,2.75,2023-08-09 00:22:48,10.79,2023-08-08,['Pointsbetus']
0.0,1.52,0.0,0.0,1.61,0.0,0.0,0.0,0.0,2.25,1.55,0.0,0.0,1.57,1.5,0.0,0.0,0.0,0.0,0.0,0.0,1.53,1.57,1.66,0.0,1.53,1.53,1.0,0.0,0.0,0.0,1.51,0.0,1.55,1.54,1.55,0.0,0.0,2.25,Chicago Cubs,27db524a36a344991eaefb99ab87d9ef,0,Tue,N,NYC20,72.76666666666667,16,New York Mets,NL,NL,115,114,0,1.6011764705882354,2.25,2023-08-09 00:22:55,40.52,2023-08-08,"['Bovada', 'Wynnbet']"
0.0,1.52,0.0,0.0,1.61,0.0,0.0,0.0,0.0,2.25,1.55,0.0,0.0,1.57,1.5,0.0,0.0,0.0,0.0,0.0,0.0,1.53,1.57,1.66,0.0,1.53,1.53,1.0,0.0,0.0,0.0,1.51,0.0,1.55,1.54,1.55,0.0,0.0,2.25,Chicago Cubs,27db524a36a344991eaefb99ab87d9ef,0,Tue,N,NYC20,72.76666666666667,16,New York Mets,NL,NL,115,114,0,1.6011764705882354,2.25,2023-08-09 00:22:55,40.52,2023-08-08,"['Bovada', 'Wynnbet']"
1.31,1.27,0.0,0.0,1.25,0.0,0.0,0.0,0.0,1.33,1.28,0.0,0.0,1.29,1.26,0.0,0.0,0.0,0.0,0.0,1.43,1.24,1.27,1.23,0.0,1.25,1.3,1.44,0.0,0.0,0.0,1.88,0.0,1.88,1.25,1.28,0.0,0.0,0.0,Philadelphia Phillies,ee9ec31eb3df5bb916eedb9e9cc25538,0,Tue,N,PHI13,58.766666666666666,16,Washington Nationals,NL,NL,115,114,1,1.3577777777777778,1.88,2023-08-09 00:23:18,38.46,2023-08-08,['Twinspires']
1.22,1.37,0.0,0.0,1.33,0.0,0.0,0.0,0.0,1.31,1.34,0.0,0.0,1.5,1.26,0.0,0.0,0.0,0.0,0.0,0.0,1.34,1.42,1.38,0.0,1.3,1.3,1.0,0.0,0.0,0.0,1.41,0.0,1.41,1.34,1.34,0.0,0.0,1.26,Kansas City Royals,d4cfc1317e9e1569fde75bc0fe6291e4,0,Tue,N,BOS07,73.21666666666667,16,Boston Red Sox,AL,AL,115,113,0,1.323888888888889,1.5,2023-08-09 00:23:18,13.3,2023-08-08,['Draftkings']
1.31,1.27,0.0,0.0,1.25,0.0,0.0,0.0,0.0,1.33,1.28,0.0,0.0,1.29,1.26,0.0,0.0,0.0,0.0,0.0,1.43,1.24,1.27,1.23,0.0,1.25,1.3,1.44,0.0,0.0,0.0,1.88,0.0,1.88,1.25,1.28,0.0,0.0,0.0,Philadelphia Phillies,ee9ec31eb3df5bb916eedb9e9cc25538,0,Tue,N,PHI13,58.766666666666666,16,Washington Nationals,NL,NL,115,114,1,1.3577777777777778,1.88,2023-08-09 00:23:18,38.46,2023-08-08,['Twinspires']
1.22,1.37,0.0,0.0,1.33,0.0,0.0,0.0,0.0,1.31,1.34,0.0,0.0,1.5,1.26,0.0,0.0,0.0,0.0,0.0,0.0,1.34,1.42,1.38,0.0,1.3,1.3,1.0,0.0,0.0,0.0,1.41,0.0,1.41,1.34,1.34,0.0,0.0,1.26,Kansas City Royals,d4cfc1317e9e1569fde75bc0fe6291e4,0,Tue,N,BOS07,73.21666666666667,16,Boston Red Sox,AL,AL,115,113,0,1.323888888888889,1.5,2023-08-09 00:23:18,13.3,2023-08-08,['Draftkings']
2.5,2.6,0.0,0.0,2.85,0.0,0.0,0.0,0.0,2.2,2.5,0.0,0.0,2.4,2.4,0.0,0.0,0.0,0.0,0.0,2.12,2.43,2.5,2.45,0.0,2.38,2.43,2.3,0.0,0.0,0.0,2.5,0.0,2.5,2.45,2.5,0.0,0.0,2.2,St. Louis Cardinals,5101db05dce055e0f3766622b76461fc,0,Tue,N,STP01,104.35,15,Tampa Bay Rays,NL,AL,114,115,0,2.432105263157895,2.85,2023-08-09 00:23:25,17.18,2023-08-08,['Betmgm']
0.0,1.6,0.0,0.0,1.91,0.0,0.0,0.0,0.0,2.25,1.55,0.0,0.0,1.57,1.5,0.0,0.0,0.0,0.0,0.0,0.0,1.53,1.57,1.66,0.0,1.53,1.53,1.0,0.0,0.0,0.0,1.55,0.0,1.55,1.54,1.55,0.0,0.0,1.51,Chicago Cubs,27db524a36a344991eaefb99ab87d9ef,0,Tue,N,NYC20,73.35,16,New York Mets,NL,NL,115,114,0,1.5823529411764707,1.91,2023-08-09 00:23:25,20.71,2023-08-08,['Betmgm']
2.5,2.6,0.0,0.0,2.85,0.0,0.0,0.0,0.0,2.2,2.5,0.0,0.0,2.4,2.4,0.0,0.0,0.0,0.0,0.0,2.12,2.43,2.5,2.45,0.0,2.38,2.43,2.3,0.0,0.0,0.0,2.5,0.0,2.5,2.45,2.5,0.0,0.0,2.2,St. Louis Cardinals,5101db05dce055e0f3766622b76461fc,0,Tue,N,STP01,104.35,15,Tampa Bay Rays,NL,AL,114,115,0,2.432105263157895,2.85,2023-08-09 00:23:25,17.18,2023-08-08,['Betmgm']
0.0,1.6,0.0,0.0,1.91,0.0,0.0,0.0,0.0,2.25,1.55,0.0,0.0,1.57,1.5,0.0,0.0,0.0,0.0,0.0,0.0,1.53,1.57,1.66,0.0,1.53,1.53,1.0,0.0,0.0,0.0,1.55,0.0,1.55,1.54,1.55,0.0,0.0,1.51,Chicago Cubs,27db524a36a344991eaefb99ab87d9ef,0,Tue,N,NYC20,73.35,16,New York Mets,NL,NL,115,114,0,1.5823529411764707,1.91,2023-08-09 00:23:25,20.71,2023-08-08,['Betmgm']
2.8,2.85,0.0,0.0,2.95,0.0,0.0,0.0,0.0,3.1,2.88,0.0,0.0,2.54,3.3,0.0,0.0,0.0,0.0,0.0,0.0,2.65,2.75,2.85,0.0,3.3,3.4,3.0,0.0,0.0,0.0,2.88,0.0,2.88,2.65,2.88,0.0,0.0,3.4,Boston Red Sox,d4cfc1317e9e1569fde75bc0fe6291e4,0,Tue,N,BOS07,73.93333333333334,16,Kansas City Royals,AL,AL,113,115,1,2.9477777777777785,3.3,2023-08-09 00:24:00,11.95,2023-08-08,['Fanduel']
2.8,2.85,0.0,0.0,2.95,0.0,0.0,0.0,0.0,3.1,2.88,0.0,0.0,2.54,3.3,0.0,0.0,0.0,0.0,0.0,0.0,2.65,2.75,2.85,0.0,3.3,3.4,3.0,0.0,0.0,0.0,2.88,0.0,2.88,2.65,2.88,0.0,0.0,3.4,Boston Red Sox,d4cfc1317e9e1569fde75bc0fe6291e4,0,Tue,N,BOS07,74.63333333333334,16,Kansas City Royals,AL,AL,113,115,1,2.9477777777777785,3.3,2023-08-09 00:24:47,11.95,2023-08-08,['Fanduel']
1.53,1.6,0.0,0.0,1.65,0.0,0.0,0.0,0.0,1.48,1.68,0.0,0.0,1.71,1.64,0.0,0.0,0.0,0.0,0.0,1.56,1.61,1.57,1.63,0.0,1.73,1.47,1.59,0.0,0.0,0.0,1.81,0.0,1.68,1.62,1.68,0.0,0.0,1.59,Cleveland Guardians,54a6f7f50dedce4e726945f1d303b510,0,Tue,N,CLE08,74.63333333333334,16,Toronto Blue Jays,AL,AL,114,115,1,1.6226315789473682,1.81,2023-08-09 00:24:47,11.55,2023-08-08,['Twinspires']
